{"cameraMode":{"drawMode":0,"name":"Shaded","section":"Shading Mode"},"sceneLighting":true,"audioPlay":false,"sceneViewState":{"showFog":false,"showMaterialUpdate":false,"showSkybox":true,"showFlares":false,"showImageEffects":false,"showParticleSystems":false},"in2DMode":false,"pivot":{"x":15.386924743652344,"y":0.6626503467559815,"z":2.417173385620117},"rotation":{"x":-0.1315845251083374,"y":0.022000184282660486,"z":-0.0029209519270807506,"w":-0.991055965423584},"size":3.0974080562591554,"orthographic":false}